"Date","Price","Open","High","Low","Vol.","Change %"
"03/16/2023","263.00","260.50","264.50","260.50","2.03M","0.57%"
"03/15/2023","261.50","262.00","264.00","261.00","2.51M","0.19%"
"03/14/2023","261.00","264.00","264.00","260.50","5.18M","-1.88%"
"03/13/2023","266.00","268.00","271.50","264.50","8.90M","-9.22%"
"03/10/2023","293.00","285.00","293.00","285.00","4.20M","2.63%"
"03/09/2023","285.50","287.00","287.50","284.00","1.86M","-0.70%"
"03/08/2023","287.50","289.00","289.00","286.00","1.46M","-0.69%"
"03/07/2023","289.50","287.00","290.00","286.50","1.39M","1.05%"
"03/06/2023","286.50","286.50","288.00","285.00","1.44M","0.88%"
"03/03/2023","284.00","282.50","284.50","282.00","1.19M","1.07%"
"03/02/2023","281.00","277.50","282.00","276.50","1.59M","1.81%"
"03/01/2023","276.00","277.00","279.00","275.00","2.02M","-0.72%"
"02/24/2023","278.00","282.00","282.00","278.00","2.54M","-0.89%"
"02/23/2023","280.50","281.00","282.00","279.50","1.56M","0.36%"
"02/22/2023","279.50","278.50","281.00","277.50","1.35M","0.00%"
"02/21/2023","279.50","278.50","279.50","277.00","730.86K","0.54%"
"02/20/2023","278.00","279.50","279.50","278.00","651.87K","-0.54%"
"02/17/2023","279.50","279.50","280.00","277.50","926.30K","0.54%"
"02/16/2023","278.00","277.50","280.00","277.50","1.87M","0.72%"
"02/15/2023","276.00","277.50","277.50","275.50","1.23M","-0.18%"
"02/14/2023","276.50","276.50","278.00","276.00","1.16M","0.73%"
"02/13/2023","274.50","270.50","275.00","270.00","1.59M","1.67%"
"02/10/2023","270.00","273.50","274.00","270.00","2.89M","-2.17%"
"02/09/2023","276.00","276.50","277.50","276.00","1.26M","-0.54%"
"02/08/2023","277.50","278.00","279.50","276.50","1.83M","-0.18%"
"02/07/2023","278.00","276.00","279.00","275.00","1.76M","0.72%"
"02/06/2023","276.00","274.50","279.00","274.00","1.87M","-0.72%"
"02/03/2023","278.00","278.00","279.00","275.50","1.34M","-0.18%"
"02/02/2023","278.50","277.00","279.00","275.00","1.57M","1.27%"
"02/01/2023","275.00","274.50","276.00","272.50","1.16M","1.10%"
"01/31/2023","272.00","280.00","280.50","271.50","3.07M","-2.86%"
"01/30/2023","280.00","275.00","280.00","273.50","4.61M","4.48%"
"01/17/2023","268.00","270.00","270.50","268.00","1.35M","-0.37%"
"01/16/2023","269.00","269.00","271.00","268.00","1.03M","0.37%"
"01/13/2023","268.00","267.50","268.50","265.50","1.10M","1.13%"
"01/12/2023","265.00","270.00","270.50","263.50","1.74M","-1.49%"
"01/11/2023","269.00","270.50","271.50","269.00","1.53M","-0.19%"
"01/10/2023","269.50","274.00","274.00","269.50","2.05M","-2.00%"
"01/09/2023","275.00","273.50","275.50","272.50","1.49M","1.29%"
"01/06/2023","271.50","272.00","273.00","270.00","636.36K","0.18%"
"01/05/2023","271.00","271.00","275.00","271.00","1.17M","0.93%"
"01/04/2023","268.50","271.50","271.50","268.50","758.19K","-0.56%"
"01/03/2023","270.00","267.00","271.00","266.00","1.06M","0.56%"
"12/30/2022","268.50","270.00","270.00","268.50","779.57K","-0.19%"
"12/29/2022","269.00","267.50","270.50","264.50","1.45M","0.00%"
"12/28/2022","269.00","268.00","270.00","268.00","1.09M","-0.37%"
"12/27/2022","270.00","272.50","273.50","270.00","783.55K","-0.74%"
"12/26/2022","272.00","272.00","273.00","271.00","769.80K","0.37%"
"12/23/2022","271.00","272.00","273.00","270.00","1.39M","-1.63%"
"12/22/2022","275.50","270.50","278.00","269.00","6.30M","3.57%"
"12/21/2022","266.00","269.00","269.00","263.50","6.68M","-1.12%"
"12/20/2022","269.00","267.00","271.00","266.00","8.70M","1.89%"
"12/19/2022","264.00","263.00","267.00","261.50","6.59M","-0.56%"
"12/16/2022","265.50","264.00","267.00","262.00","7.73M","-0.56%"
"12/15/2022","267.00","272.00","272.50","266.50","2.09M","-2.20%"
"12/14/2022","273.00","270.50","273.50","269.50","2.15M","2.06%"
"12/13/2022","267.50","271.00","271.50","266.50","2.38M","-2.01%"
"12/12/2022","273.00","266.00","273.00","262.00","2.78M","1.68%"
"12/09/2022","268.50","269.50","270.00","266.00","2.12M","0.19%"
"12/08/2022","268.00","272.00","274.00","266.00","2.30M","-1.47%"
"12/07/2022","272.00","275.00","275.50","271.50","2.87M","-1.98%"
"12/06/2022","277.50","281.50","281.50","275.50","2.58M","-1.94%"
"12/05/2022","283.00","276.50","283.00","275.00","2.78M","2.17%"
"12/02/2022","277.00","273.00","277.00","271.00","3.42M","2.03%"
"12/01/2022","271.50","270.00","273.50","267.00","3.00M","2.07%"
"11/30/2022","266.00","267.00","269.00","265.50","8.45M","-0.37%"
"11/29/2022","267.00","266.00","270.00","264.00","3.85M","0.56%"
"11/28/2022","265.50","263.00","270.00","259.00","4.31M","0.19%"
"11/25/2022","265.00","270.00","271.50","265.00","4.38M","-0.93%"
"11/24/2022","267.50","267.00","270.00","266.00","3.88M","0.94%"
"11/23/2022","265.00","261.50","267.00","260.50","4.10M","1.53%"
"11/22/2022","261.00","259.00","261.50","255.00","4.14M","1.16%"
"11/21/2022","258.00","257.00","259.00","254.00","3.10M","0.78%"
"11/18/2022","256.00","253.00","256.00","252.00","1.94M","0.79%"
"11/17/2022","254.00","252.00","254.50","250.00","2.13M","0.79%"
"11/16/2022","252.00","251.50","254.00","250.50","2.24M","0.00%"
"11/15/2022","252.00","248.00","252.50","247.00","2.28M","1.61%"
"11/14/2022","248.00","250.00","250.50","247.50","2.57M","-0.40%"
"11/11/2022","249.00","248.00","251.00","244.50","4.08M","3.32%"
"11/10/2022","241.00","241.00","242.50","240.00","1.37M","-1.43%"
"11/09/2022","244.50","243.50","245.50","242.00","2.30M","1.03%"
"11/08/2022","242.00","239.50","242.00","239.00","2.28M","1.89%"
"11/07/2022","237.50","236.50","238.00","234.00","2.54M","1.28%"
"11/04/2022","234.50","233.00","235.00","229.50","3.39M","-0.42%"
"11/03/2022","235.50","235.00","236.00","232.50","2.12M","-0.84%"
"11/02/2022","237.50","233.00","238.00","233.00","1.76M","0.64%"
"11/01/2022","236.00","236.00","237.00","234.50","1.18M","0.00%"
"10/31/2022","236.00","235.50","237.50","234.50","1.71M","0.85%"
"10/28/2022","234.00","233.00","235.00","232.00","1.42M","0.43%"
"10/27/2022","233.00","237.00","238.00","232.50","2.27M","-1.06%"
"10/26/2022","235.50","234.00","236.00","231.50","2.39M","1.73%"
"10/25/2022","231.50","233.00","234.00","230.50","2.17M","0.22%"
"10/24/2022","231.00","231.00","232.00","229.00","2.02M","0.87%"
"10/21/2022","229.00","232.00","232.50","228.00","2.27M","-1.29%"
"10/20/2022","232.00","235.00","236.00","230.00","5.14M","-2.93%"
"10/19/2022","239.00","235.50","240.00","234.00","3.21M","1.06%"
"10/18/2022","236.50","234.50","238.00","232.00","3.48M","1.94%"
"10/17/2022","232.00","227.50","233.00","227.50","3.00M","0.43%"
"10/14/2022","231.00","235.00","235.00","231.00","1.90M","0.00%"
"10/13/2022","231.00","229.50","232.00","228.50","2.15M","-0.22%"
"10/12/2022","231.50","228.50","233.00","226.50","2.64M","2.89%"
"10/11/2022","225.00","227.00","227.00","223.50","4.71M","-2.60%"
"10/07/2022","231.00","241.50","242.50","230.50","5.14M","-5.33%"
"10/06/2022","244.00","243.50","246.50","241.00","2.75M","0.00%"
"10/05/2022","244.00","242.50","247.00","242.00","2.72M","1.67%"
"10/04/2022","240.00","235.00","241.50","234.50","2.92M","2.56%"
"10/03/2022","234.00","228.50","235.50","228.50","1.82M","0.00%"
"09/30/2022","234.00","235.00","235.00","231.50","3.72M","-1.47%"
"09/29/2022","237.50","242.00","242.00","236.00","2.32M","0.00%"
"09/28/2022","237.50","241.50","243.50","236.00","3.59M","-1.86%"
"09/27/2022","242.00","240.50","246.00","240.00","2.29M","1.47%"
"09/26/2022","238.50","242.50","244.00","238.00","3.62M","-3.05%"
"09/23/2022","246.00","245.00","248.00","244.00","1.38M","-0.20%"
"09/22/2022","246.50","245.00","247.00","242.00","3.81M","-1.00%"
"09/21/2022","249.00","251.50","253.00","248.00","3.87M","-1.78%"
"09/20/2022","253.50","256.00","256.50","252.00","2.72M","-0.39%"
"09/19/2022","254.50","257.00","257.50","253.00","2.17M","-0.78%"
"09/16/2022","256.50","251.50","257.00","251.50","5.56M","0.98%"
"09/15/2022","254.00","254.00","256.50","252.50","1.77M","0.59%"
"09/14/2022","252.50","249.50","254.50","248.50","2.15M","-1.56%"
"09/13/2022","256.50","256.00","259.50","255.00","2.54M","0.98%"
"09/12/2022","254.00","251.00","254.50","250.50","3.21M","2.01%"
"09/08/2022","249.00","245.00","249.50","243.50","3.94M","2.89%"
"09/07/2022","242.00","252.50","253.00","241.00","8.07M","-5.10%"
"09/06/2022","255.00","260.00","261.00","254.00","2.13M","-1.16%"
"09/05/2022","258.00","255.50","259.00","254.50","2.04M","1.78%"
"09/02/2022","253.50","255.00","256.00","253.00","1.71M","0.40%"
"09/01/2022","252.50","253.50","254.00","251.00","2.61M","-0.98%"
"08/31/2022","255.00","254.00","256.00","254.00","3.51M","-0.78%"
"08/30/2022","257.00","256.00","258.00","253.00","2.74M","1.58%"
"08/29/2022","253.00","251.50","255.00","251.00","2.65M","-2.13%"
"08/26/2022","258.50","257.00","258.50","256.00","2.49M","1.17%"
"08/25/2022","255.50","256.00","257.00","252.00","3.36M","0.59%"
"08/24/2022","254.00","261.00","261.00","253.50","4.47M","-2.50%"
"08/23/2022","260.50","265.00","266.00","260.50","3.84M","-2.62%"
"08/22/2022","267.50","262.50","267.50","262.50","3.45M","1.13%"
"08/19/2022","264.50","262.50","265.50","261.00","3.59M","0.76%"
"08/18/2022","262.50","255.50","263.00","255.00","4.50M","1.74%"
"08/17/2022","258.00","256.50","258.00","254.00","5.36M","1.38%"
"08/16/2022","254.50","250.50","255.50","248.00","6.59M","0.79%"
"08/15/2022","252.50","260.50","261.00","252.00","8.34M","-3.63%"
"08/12/2022","262.00","261.00","264.50","257.50","10.94M","-7.09%"
"08/11/2022","282.00","281.50","282.50","279.50","2.42M","1.81%"
"08/10/2022","277.00","278.50","279.00","277.00","2.73M","-1.42%"
"08/09/2022","281.00","283.50","283.50","280.00","2.49M","-0.88%"
"08/08/2022","283.50","282.00","284.00","280.50","1.89M","0.53%"
"08/05/2022","282.00","283.00","283.00","279.50","2.10M","0.36%"
"08/04/2022","281.00","281.00","282.50","279.00","1.67M","0.00%"
"08/03/2022","281.00","278.00","281.00","277.00","2.18M","1.26%"
"08/02/2022","277.50","280.00","280.50","275.50","5.13M","-1.77%"
"08/01/2022","282.50","281.00","283.00","278.00","3.17M","0.36%"
"07/29/2022","281.50","277.00","284.00","277.00","8.28M","-11.76%"
"07/28/2022","319.00","324.00","325.00","319.00","6.56M","-1.09%"
"07/27/2022","322.50","323.50","324.50","319.50","4.83M","-0.15%"
"07/26/2022","323.00","325.50","325.50","321.00","3.45M","-0.92%"
"07/25/2022","326.00","323.00","326.50","320.50","3.12M","0.00%"
"07/22/2022","326.00","323.50","327.00","318.00","3.69M","1.24%"
"07/21/2022","322.00","316.00","323.00","316.00","3.60M","1.90%"
"07/20/2022","316.00","315.00","318.50","314.50","2.63M","1.28%"
"07/19/2022","312.00","309.00","314.00","308.00","4.46M","1.13%"
"07/18/2022","308.50","310.50","311.50","303.50","4.18M","-0.48%"
"07/15/2022","310.00","314.00","314.50","310.00","1.51M","-0.80%"
"07/14/2022","312.50","312.00","313.50","309.50","1.97M","-0.16%"
"07/13/2022","313.00","313.50","317.50","311.00","3.06M","2.12%"
"07/12/2022","306.50","307.50","308.00","302.00","2.85M","-0.97%"
"07/11/2022","309.50","310.00","311.00","308.00","1.93M","1.48%"
"07/08/2022","305.00","303.50","308.00","303.50","2.15M","0.83%"
"07/07/2022","302.50","300.00","305.50","296.00","3.13M","1.51%"
"07/06/2022","298.00","307.00","307.50","298.00","2.87M","-2.13%"
"07/05/2022","304.50","307.00","309.00","301.50","2.43M","1.00%"
"07/04/2022","301.50","310.00","312.50","300.00","3.91M","-2.58%"
"07/01/2022","309.50","311.00","315.00","308.00","3.98M","-0.32%"
"06/30/2022","310.50","320.00","320.50","308.50","6.15M","-4.17%"
"06/29/2022","324.00","322.50","326.50","322.00","2.64M","-0.61%"
"06/28/2022","326.00","328.50","330.00","324.00","2.08M","-0.76%"
"06/27/2022","328.50","328.50","330.50","326.50","1.86M","0.77%"
"06/24/2022","326.00","328.00","329.00","322.50","2.65M","0.31%"
"06/23/2022","325.00","324.00","326.50","321.50","2.35M","1.09%"
"06/22/2022","321.50","333.00","334.00","321.50","2.82M","-3.16%"
"06/21/2022","332.00","324.00","332.00","321.00","3.15M","3.75%"
"06/20/2022","320.00","324.00","324.00","316.50","3.29M","-0.93%"
"06/17/2022","323.00","321.50","324.00","319.00","3.69M","-0.46%"
"06/16/2022","324.50","329.50","329.50","324.00","1.72M","-0.15%"
"06/15/2022","325.00","326.50","332.00","324.50","2.01M","0.00%"
"06/14/2022","325.00","324.00","328.50","322.50","3.92M","-0.61%"
"06/13/2022","327.00","324.00","328.50","322.50","2.56M","-0.61%"
"06/10/2022","329.00","332.50","332.50","328.00","1.85M","-1.20%"
"06/09/2022","333.00","338.00","338.00","333.00","3.25M","-1.62%"
"06/08/2022","338.50","343.50","343.50","336.50","4.41M","-0.15%"
"06/07/2022","339.00","340.00","342.00","337.00","2.08M","-0.29%"
"06/06/2022","340.00","343.00","344.50","340.00","2.77M","-0.73%"
"06/02/2022","342.50","340.50","345.00","340.00","1.19M","-0.15%"
"06/01/2022","343.00","342.50","346.00","340.00","2.10M","0.44%"
"05/31/2022","341.50","338.50","343.00","334.00","5.34M","0.89%"
"05/30/2022","338.50","333.00","338.50","331.00","3.11M","2.89%"
"05/27/2022","329.00","325.00","329.50","323.50","1.85M","1.70%"
"05/26/2022","323.50","329.50","329.50","323.00","2.03M","-1.07%"
"05/25/2022","327.00","324.00","328.00","323.50","2.11M","1.55%"
"05/24/2022","322.00","324.00","326.00","322.00","1.87M","-0.46%"
"05/23/2022","323.50","327.00","328.00","323.00","2.42M","-0.15%"
"05/20/2022","324.00","326.00","326.50","322.00","2.96M","-0.31%"
"05/19/2022","325.00","326.50","326.50","321.50","3.89M","-2.11%"
"05/18/2022","332.00","333.50","335.50","332.00","3.15M","-0.15%"
"05/17/2022","332.50","336.50","338.00","332.00","2.82M","0.15%"
"05/16/2022","332.00","336.00","337.00","330.00","2.69M","-0.15%"
"05/13/2022","332.50","338.00","338.50","328.50","4.39M","-1.63%"
"05/12/2022","338.00","344.00","344.00","336.50","5.32M","-3.29%"
"05/11/2022","349.50","348.00","351.00","346.00","2.08M","-0.14%"
"05/10/2022","350.00","350.00","351.50","343.00","4.60M","-1.82%"
"05/09/2022","356.50","355.00","359.00","352.50","2.21M","-0.42%"
"05/06/2022","358.00","359.50","361.50","357.50","2.54M","-2.19%"
"05/05/2022","366.00","364.00","366.50","363.50","1.62M","1.24%"
"05/04/2022","361.50","363.00","364.00","360.50","1.25M","-0.14%"
"05/03/2022","362.00","355.50","362.50","354.00","1.44M","1.40%"
"04/29/2022","357.00","357.00","359.00","357.00","1.82M","0.56%"
"04/27/2022","355.00","353.50","356.00","353.00","1.83M","-0.84%"
"04/26/2022","358.00","357.00","362.00","357.00","1.53M","0.56%"
"04/25/2022","356.00","357.50","358.50","355.50","2.31M","-1.93%"
"04/22/2022","363.00","358.50","364.00","357.00","1.91M","1.26%"
"04/21/2022","358.50","362.00","362.50","358.50","1.97M","-0.28%"
"04/20/2022","359.50","359.00","361.50","358.00","1.97M","0.70%"
"04/19/2022","357.00","355.00","360.00","355.00","1.84M","0.56%"
"04/18/2022","355.00","354.50","358.00","352.00","1.60M","-0.42%"
"04/15/2022","356.50","356.00","357.00","354.00","1.26M","-0.14%"
"04/14/2022","357.00","359.50","360.00","355.00","1.67M","0.71%"
"04/13/2022","354.50","350.00","356.50","349.50","3.20M","1.58%"
"04/12/2022","349.00","352.50","353.00","348.50","5.37M","-2.10%"
"04/11/2022","356.50","364.50","365.50","356.50","4.67M","-2.19%"
"04/08/2022","364.50","361.50","364.50","361.00","2.01M","1.11%"
"04/07/2022","360.50","365.00","366.00","360.50","3.95M","-1.90%"
"04/06/2022","367.50","368.50","371.00","366.00","3.51M","-1.61%"
"04/01/2022","373.50","371.00","373.50","369.00","1.80M","0.00%"
"03/31/2022","373.50","375.00","376.50","373.50","1.80M","-0.53%"
"03/30/2022","375.50","376.00","377.00","374.00","2.44M","-0.13%"
"03/29/2022","376.00","379.00","379.50","375.50","1.47M","-0.53%"
"03/28/2022","378.00","373.00","378.00","372.00","2.74M","1.07%"
"03/25/2022","374.00","375.50","377.00","372.50","4.31M","0.27%"
"03/24/2022","373.00","372.50","376.00","372.50","2.16M","0.13%"
"03/23/2022","372.50","371.50","374.00","371.00","2.32M","0.13%"
"03/22/2022","372.00","371.50","373.50","368.00","4.28M","-0.67%"
"03/21/2022","374.50","372.50","376.00","371.50","4.15M","0.54%"
"03/18/2022","372.50","377.00","381.00","371.00","6.78M","-1.19%"
"03/17/2022","377.00","384.00","384.50","369.50","13.73M","-0.53%"
"03/16/2022","379.00","369.00","379.00","368.00","6.48M","2.99%"
"03/15/2022","368.00","368.00","368.50","362.00","3.39M","-0.41%"
"03/14/2022","369.50","368.50","369.50","360.00","5.04M","-0.54%"
"03/11/2022","371.50","369.00","374.00","368.00","3.54M","1.36%"
"03/10/2022","366.50","367.00","369.00","365.00","3.07M","1.81%"
"03/09/2022","360.00","361.00","361.50","357.00","2.47M","0.42%"
"03/08/2022","358.50","360.00","364.50","355.00","4.72M","-1.51%"
"03/07/2022","364.00","372.00","372.50","359.00","5.28M","-3.19%"
"03/04/2022","376.00","377.00","381.50","376.00","3.56M","-1.05%"
"03/03/2022","380.00","374.00","380.50","374.00","2.71M","1.88%"
"03/02/2022","373.00","370.50","375.00","370.50","2.26M","-0.13%"
"03/01/2022","373.50","369.50","376.50","369.50","3.08M","0.54%"
"02/25/2022","371.50","371.00","373.50","368.50","2.64M","0.13%"
"02/24/2022","371.00","373.50","376.50","369.50","2.91M","-1.72%"
"02/23/2022","377.50","377.00","381.50","376.50","1.90M","0.00%"
"02/22/2022","377.50","377.00","378.00","373.00","2.46M","-0.26%"
"02/21/2022","378.50","370.00","378.50","370.00","2.02M","1.75%"
"02/18/2022","372.00","369.00","372.50","367.50","877.28K","0.13%"
"02/17/2022","371.50","370.50","373.50","369.00","2.01M","0.68%"
"02/16/2022","369.00","366.00","369.00","365.00","1.22M","1.79%"
"02/15/2022","362.50","363.00","365.50","362.00","1.12M","-0.14%"
"02/14/2022","363.00","365.00","365.50","361.50","1.38M","-1.22%"
"02/11/2022","367.50","366.50","368.50","366.00","1.31M","-0.68%"
"02/10/2022","370.00","366.00","370.00","366.00","1.31M","1.09%"
"02/09/2022","366.00","363.00","366.00","362.00","2.50M","0.69%"
"02/08/2022","363.50","362.50","364.50","362.00","1.23M","-0.14%"
"02/07/2022","364.00","361.00","364.50","359.50","2.33M","1.25%"
"01/26/2022","359.50","358.00","362.00","358.00","2.10M","-0.14%"
"01/25/2022","360.00","361.00","362.50","355.00","5.48M","-1.23%"
"01/24/2022","364.50","373.50","373.50","364.00","6.28M","-3.32%"
"01/21/2022","377.00","377.50","377.50","374.00","2.57M","-0.40%"
"01/20/2022","378.50","378.00","379.50","377.00","1.09M","0.13%"
"01/19/2022","378.00","378.00","381.00","377.50","1.32M","-0.53%"
"01/18/2022","380.00","377.50","381.00","376.50","1.97M","0.53%"
"01/17/2022","378.00","377.00","378.50","375.50","1.02M","0.13%"
"01/14/2022","377.50","377.00","377.50","372.00","2.13M","-0.13%"
"01/13/2022","378.00","378.50","379.00","375.50","1.92M","0.00%"
"01/12/2022","378.00","379.50","380.00","375.00","1.71M","0.00%"
"01/11/2022","378.00","379.50","383.00","377.00","3.15M","-0.13%"
"01/10/2022","378.50","376.50","378.50","374.50","1.45M","0.26%"
"01/07/2022","377.50","382.00","382.50","373.00","2.46M","-0.66%"
"01/06/2022","380.00","378.00","381.50","377.00","2.16M","-0.13%"
"01/05/2022","380.50","377.50","385.00","377.00","4.38M","0.93%"
"01/04/2022","377.00","375.00","378.50","373.50","3.39M","0.94%"
"01/03/2022","373.50","377.00","377.50","371.50","1.76M","-0.66%"
"12/30/2021","376.00","374.50","377.00","373.50","2.78M","0.67%"
"12/29/2021","373.50","374.50","374.50","372.50","1.07M","0.00%"
"12/28/2021","373.50","373.50","374.00","372.00","1.39M","0.27%"
"12/27/2021","372.50","370.50","373.00","369.00","1.47M","0.68%"
"12/24/2021","370.00","372.00","373.50","369.00","1.38M","-0.27%"
"12/23/2021","371.00","370.00","371.50","369.50","1.86M","0.27%"
"12/22/2021","370.00","372.00","372.50","368.50","1.97M","-0.13%"
"12/21/2021","370.50","368.00","371.00","367.00","2.16M","0.95%"
"12/20/2021","367.00","365.50","369.50","364.50","1.92M","0.14%"
"12/17/2021","366.50","367.00","370.00","366.00","3.27M","-0.14%"
"12/16/2021","367.00","368.00","369.50","367.00","3.59M","0.69%"
"12/15/2021","364.50","367.00","367.50","363.00","1.79M","-0.55%"
"12/14/2021","366.50","365.50","367.00","363.00","1.69M","0.00%"
"12/13/2021","366.50","369.00","370.50","365.50","2.38M","-0.41%"
"12/10/2021","368.00","370.00","371.50","367.50","2.27M","0.27%"
"12/09/2021","367.00","363.50","367.00","361.00","2.22M","1.94%"
"12/08/2021","360.00","367.00","368.00","360.00","4.02M","-1.77%"
"12/07/2021","366.50","361.00","367.00","361.00","1.56M","0.41%"
"12/06/2021","365.00","363.50","365.00","361.00","1.62M","-0.14%"
"12/03/2021","365.50","363.50","367.00","362.50","2.37M","0.55%"
"12/02/2021","363.50","360.00","364.00","359.00","2.10M","0.97%"
"12/01/2021","360.00","356.00","361.00","355.00","2.05M","2.13%"
"11/30/2021","352.50","354.50","360.50","352.50","4.99M","-0.84%"
"11/29/2021","355.50","354.50","357.50","351.50","2.24M","-0.14%"
"11/26/2021","356.00","361.00","361.00","355.50","1.77M","-1.39%"
"11/25/2021","361.00","358.00","361.00","356.00","1.50M","1.69%"
"11/24/2021","355.00","354.00","358.50","353.50","1.35M","0.71%"
"11/23/2021","352.50","355.00","356.50","352.50","2.24M","-0.98%"
"11/22/2021","356.00","359.50","359.50","354.50","2.23M","-1.25%"
"11/19/2021","360.50","362.50","363.00","359.00","1.74M","0.28%"
"11/18/2021","359.50","355.50","361.00","355.50","2.41M","0.56%"
"11/17/2021","357.50","353.50","358.00","353.00","2.29M","0.85%"
"11/16/2021","354.50","358.00","358.00","353.00","3.76M","-1.25%"
"11/15/2021","359.00","360.50","361.50","356.00","2.92M","-0.28%"
"11/12/2021","360.00","365.00","365.00","357.00","4.07M","-1.37%"
"11/11/2021","365.00","362.50","368.50","362.00","7.23M","-3.31%"
"11/10/2021","377.50","372.00","378.00","371.00","3.35M","0.53%"
"11/09/2021","375.50","373.00","376.00","371.50","3.56M","1.08%"
"11/08/2021","371.50","369.00","374.50","367.00","4.14M","1.92%"
"11/05/2021","364.50","359.00","364.50","358.00","2.84M","1.53%"
"11/04/2021","359.00","358.50","360.00","356.00","1.99M","0.84%"
"11/03/2021","356.00","360.00","360.00","354.00","2.94M","0.00%"
"11/02/2021","356.00","356.00","358.00","356.00","1.80M","0.28%"
"11/01/2021","355.00","354.00","356.00","352.00","1.16M","0.57%"
"10/29/2021","353.00","354.00","356.50","350.50","2.45M","-0.28%"
"10/28/2021","354.00","357.00","359.00","354.00","1.80M","-0.98%"
"10/27/2021","357.50","355.50","358.50","354.50","1.43M","0.28%"
"10/26/2021","356.50","354.50","358.50","352.00","2.58M","0.99%"
"10/25/2021","353.00","354.50","359.50","352.00","2.97M","-0.84%"
"10/22/2021","356.00","353.00","356.00","350.50","3.97M","2.01%"
"10/21/2021","349.00","347.00","351.00","346.50","3.81M","1.31%"
"10/20/2021","344.50","341.00","348.00","339.50","3.82M","1.62%"
"10/19/2021","339.00","338.00","339.50","336.50","1.83M","1.04%"
"10/18/2021","335.50","336.00","339.00","335.50","1.56M","0.45%"
"10/15/2021","334.00","336.00","337.50","333.50","1.91M","0.15%"
"10/14/2021","333.50","344.00","344.50","332.00","3.62M","-2.91%"
"10/13/2021","343.50","340.00","345.00","338.50","3.56M","1.63%"
"10/12/2021","338.00","338.50","342.00","333.50","2.59M","0.00%"
"10/08/2021","338.00","334.00","339.00","333.00","2.38M","0.30%"
"10/07/2021","337.00","327.00","337.00","327.00","4.01M","4.33%"
"10/06/2021","323.00","326.00","326.00","321.00","1.94M","-0.31%"
"10/05/2021","324.00","321.00","327.00","320.50","1.67M","0.00%"
"10/04/2021","324.00","323.00","325.00","322.00","1.73M","1.09%"
"10/01/2021","320.50","325.00","325.50","319.00","2.30M","-1.54%"
"09/30/2021","325.50","329.00","329.50","325.00","2.11M","-0.91%"
"09/29/2021","328.50","333.00","334.50","327.50","2.85M","-2.95%"
"09/28/2021","338.50","339.00","340.50","335.00","2.09M","-0.59%"
"09/27/2021","340.50","338.00","341.00","337.00","2.62M","1.04%"
"09/24/2021","337.00","334.00","338.00","333.00","2.99M","1.66%"
"09/23/2021","331.50","331.00","333.00","329.00","1.93M","0.91%"
"09/22/2021","328.50","321.00","328.50","320.50","2.76M","0.77%"
"09/17/2021","326.00","327.00","329.00","326.00","3.54M","0.00%"
"09/16/2021","326.00","324.50","326.00","323.00","2.11M","1.09%"
"09/15/2021","322.50","323.50","325.00","322.00","2.29M","0.00%"
"09/14/2021","322.50","322.50","324.00","320.50","2.30M","0.78%"
"09/13/2021","320.00","318.00","322.00","317.50","1.35M","1.27%"
"09/10/2021","316.00","319.00","319.50","316.00","1.88M","0.00%"
"09/09/2021","316.00","315.50","318.50","313.50","1.32M","-0.32%"
"09/08/2021","317.00","319.00","321.00","315.00","2.47M","-0.63%"
"09/07/2021","319.00","322.50","324.50","319.00","1.92M","-1.24%"
"09/06/2021","323.00","319.00","324.50","319.00","1.77M","1.10%"
"09/03/2021","319.50","318.00","321.00","317.00","1.57M","1.11%"
"09/02/2021","316.00","321.00","322.50","316.00","1.84M","-1.56%"
"09/01/2021","321.00","322.00","323.00","320.00","1.59M","-0.93%"
"08/31/2021","324.00","317.50","324.00","317.00","2.83M","1.57%"
"08/30/2021","319.00","318.00","319.50","315.50","2.39M","0.47%"
"08/27/2021","317.50","317.00","317.50","316.00","1.19M","-0.47%"
"08/26/2021","319.00","319.50","319.50","316.00","1.35M","0.16%"
"08/25/2021","318.50","316.00","318.50","316.00","932.57K","1.11%"
"08/24/2021","315.00","319.50","319.50","315.00","1.50M","-0.79%"
"08/23/2021","317.50","316.00","319.00","314.50","2.13M","1.76%"
"08/20/2021","312.00","312.00","313.50","307.00","3.33M","0.32%"
"08/19/2021","311.00","316.00","316.50","311.00","3.62M","-2.05%"
"08/18/2021","317.50","317.50","318.50","312.00","4.07M","-0.16%"
"08/17/2021","318.00","319.00","321.00","316.50","4.59M","0.95%"
"08/16/2021","315.00","318.00","319.00","313.00","3.60M","-0.47%"
"08/13/2021","316.50","320.00","320.50","316.50","3.10M","-0.78%"
"08/12/2021","319.00","329.00","329.50","319.00","6.41M","-1.24%"
"08/11/2021","323.00","320.00","323.00","318.50","5.05M","1.10%"
"08/10/2021","319.50","319.00","320.50","317.00","3.78M","-0.78%"
"08/09/2021","322.00","324.00","324.00","320.50","1.92M","-0.46%"
"08/06/2021","323.50","320.50","325.00","318.00","3.18M","0.78%"
"08/05/2021","321.00","324.00","326.00","320.00","4.57M","-0.93%"
"08/04/2021","324.00","323.00","325.00","319.00","4.22M","-0.15%"
"08/03/2021","324.50","322.00","329.00","319.00","5.99M","1.56%"
"08/02/2021","319.50","315.00","323.00","312.00","10.19M","-8.97%"
"07/30/2021","351.00","354.00","357.00","351.00","7.32M","-0.43%"
"07/29/2021","352.50","354.00","356.50","351.50","6.07M","-0.28%"
"07/28/2021","353.50","358.50","358.50","353.00","5.06M","-1.53%"
"07/27/2021","359.00","352.00","359.50","351.50","4.41M","1.27%"
"07/26/2021","354.50","354.50","357.50","351.00","3.72M","0.00%"
"07/23/2021","354.50","360.00","362.00","353.50","10.36M","-3.01%"
"07/22/2021","365.50","368.00","372.00","365.00","6.05M","-1.35%"
"07/21/2021","370.50","373.00","373.50","369.50","2.60M","-0.13%"
"07/20/2021","371.00","370.50","373.50","370.00","2.00M","-0.27%"
"07/19/2021","372.00","374.00","374.00","371.00","2.38M","-1.06%"
"07/16/2021","376.00","377.00","378.50","374.00","3.26M","-0.66%"
"07/15/2021","378.50","379.00","380.50","378.00","1.67M","-0.13%"
"07/14/2021","379.00","378.50","379.00","376.00","2.51M","0.66%"
"07/13/2021","376.50","378.50","382.50","374.50","3.71M","-1.18%"
"07/12/2021","381.00","379.00","382.00","377.00","2.43M","2.14%"
"07/09/2021","373.00","380.00","381.50","372.50","4.34M","-2.10%"
"07/08/2021","381.00","382.00","382.00","379.00","2.25M","0.53%"
"07/07/2021","379.00","376.00","379.50","375.50","1.77M","0.80%"
"07/06/2021","376.00","378.00","378.00","375.50","1.73M","0.00%"
"07/05/2021","376.00","373.00","377.00","372.00","2.28M","1.35%"
"07/02/2021","371.00","368.50","372.00","367.00","2.78M","1.09%"
"07/01/2021","367.00","370.50","373.50","367.00","3.05M","-1.21%"
"06/30/2021","371.50","371.50","375.00","370.00","2.82M","0.41%"
"06/29/2021","370.00","373.00","374.00","370.00","2.06M","-0.67%"
"06/28/2021","372.50","368.50","374.00","365.00","3.83M","1.50%"
"06/25/2021","367.00","375.00","375.00","367.00","7.51M","-1.74%"
"06/24/2021","373.50","375.00","377.00","372.00","2.77M","-0.13%"
"06/23/2021","374.00","375.00","376.50","370.50","5.89M","-0.27%"
"06/22/2021","375.00","383.00","388.00","375.00","7.12M","-2.09%"
"06/21/2021","383.00","385.00","387.50","383.00","3.69M","-0.52%"
"06/18/2021","385.00","388.50","389.00","385.00","4.33M","-0.77%"
"06/17/2021","388.00","385.00","388.00","384.00","1.93M","0.00%"
"06/16/2021","388.00","384.50","390.50","384.50","3.91M","1.17%"
"06/15/2021","383.50","384.00","385.00","381.00","2.73M","0.13%"
"06/11/2021","383.00","385.50","388.00","382.00","3.78M","-0.65%"
"06/10/2021","385.50","389.50","390.00","385.50","3.78M","-0.13%"
"06/09/2021","386.00","390.00","390.50","385.00","3.71M","-1.03%"
"06/08/2021","390.00","390.00","390.00","386.00","2.38M","0.52%"
"06/07/2021","388.00","389.00","390.00","380.50","3.05M","-0.51%"
"06/04/2021","390.00","390.00","390.00","388.50","1.63M","-0.51%"
"06/03/2021","392.00","393.00","395.00","389.50","3.44M","-0.38%"
"06/02/2021","393.50","404.00","404.50","391.50","4.24M","-2.36%"
"06/01/2021","403.00","399.00","403.00","395.00","3.21M","2.03%"
"05/31/2021","395.00","392.50","396.00","390.50","2.52M","0.89%"
"05/28/2021","391.50","393.00","393.00","387.00","3.66M","0.90%"
"05/27/2021","388.00","398.50","398.50","388.00","5.23M","-2.39%"
"05/26/2021","397.50","390.50","399.00","389.00","3.39M","1.79%"
"05/25/2021","390.50","392.00","395.00","388.50","4.65M","0.13%"
"05/24/2021","390.00","390.50","393.00","386.00","3.37M","-0.64%"
"05/21/2021","392.50","402.00","408.00","388.00","8.81M","-1.13%"
"05/20/2021","397.00","413.00","428.00","394.00","16.66M","-3.05%"
"05/19/2021","409.50","390.00","413.00","384.50","15.83M","6.64%"
"05/18/2021","384.00","370.00","384.50","369.50","6.73M","4.35%"
"05/17/2021","368.00","362.50","378.50","362.50","7.04M","-3.16%"
"05/14/2021","380.00","382.00","393.00","374.00","6.57M","0.13%"
"05/13/2021","379.50","376.00","386.00","367.00","13.02M","4.98%"
"05/12/2021","361.50","366.00","374.00","335.00","10.20M","-1.63%"
"05/11/2021","367.50","380.00","380.50","361.00","7.86M","-5.04%"
"05/10/2021","387.00","392.00","393.50","385.50","4.86M","-1.02%"
"05/07/2021","391.00","382.50","392.00","382.00","5.57M","2.76%"
"05/06/2021","380.50","380.00","394.00","379.00","7.51M","0.00%"
"05/05/2021","380.50","378.00","386.00","373.50","5.06M","0.66%"
"05/04/2021","378.00","378.00","380.00","370.50","4.14M","0.40%"
"05/03/2021","376.50","372.50","381.00","372.50","3.52M","0.13%"
"04/29/2021","376.00","372.00","378.00","372.00","2.58M","1.08%"
"04/28/2021","372.00","374.50","375.50","371.50","2.40M","-0.80%"
"04/27/2021","375.00","378.50","380.00","372.50","4.75M","-1.32%"
"04/26/2021","380.00","378.00","381.00","377.50","3.43M","0.53%"
"04/23/2021","378.00","372.00","378.00","370.00","3.78M","1.20%"
"04/22/2021","373.50","377.50","378.00","370.00","5.21M","-0.80%"
"04/21/2021","376.50","381.00","381.50","376.00","4.38M","-1.70%"
"04/20/2021","383.00","384.00","387.50","381.00","3.16M","-0.65%"
"04/19/2021","385.50","395.50","398.00","385.50","5.85M","-0.64%"
"04/16/2021","388.00","372.50","391.00","372.00","8.76M","4.02%"
"04/15/2021","373.00","370.00","373.00","367.50","2.39M","0.67%"
"04/14/2021","370.50","370.50","372.00","365.00","3.19M","0.00%"
"04/13/2021","370.50","374.50","377.00","368.50","4.25M","-1.07%"
"04/12/2021","374.50","378.00","378.00","372.50","3.50M","0.81%"
"04/09/2021","371.50","373.50","374.50","370.50","2.72M","-0.80%"
"04/08/2021","374.50","369.00","374.50","368.00","3.33M","0.81%"
"04/07/2021","371.50","370.00","373.00","368.00","3.21M","0.68%"
"04/06/2021","369.00","376.50","376.50","369.00","3.36M","-0.67%"
"04/01/2021","371.50","374.00","374.50","370.50","2.28M","-0.27%"
"03/31/2021","372.50","377.00","377.50","372.00","3.83M","-1.19%"
"03/30/2021","377.00","377.00","379.50","374.00","4.12M","0.80%"
"03/29/2021","374.00","366.50","375.00","364.00","4.50M","2.47%"
"03/26/2021","365.00","366.50","368.00","363.50","3.90M","0.00%"
"03/25/2021","365.00","367.00","368.50","362.00","3.65M","-0.27%"
"03/24/2021","366.00","366.50","377.00","365.00","5.06M","0.14%"
"03/23/2021","365.50","373.00","373.00","365.00","4.94M","-0.81%"
"03/22/2021","368.50","382.00","382.00","368.00","10.24M","-2.38%"
"03/19/2021","377.50","368.00","386.00","360.00","25.02M","5.45%"
"03/18/2021","358.00","358.00","358.00","355.00","16.01M","9.98%"
"03/17/2021","325.50","331.00","332.50","322.00","4.90M","-1.66%"
"03/16/2021","331.00","329.50","338.00","329.00","4.86M","1.53%"
"03/15/2021","326.00","322.50","328.00","319.00","3.29M","0.77%"
"03/12/2021","323.50","319.00","326.50","316.50","6.20M","1.89%"
"03/11/2021","317.50","315.00","319.50","314.50","4.93M","1.60%"
"03/10/2021","312.50","316.00","316.50","312.00","3.13M","-0.16%"
"03/09/2021","313.00","318.50","318.50","309.00","3.42M","-0.79%"
"03/08/2021","315.50","312.00","319.50","312.00","3.91M","1.45%"
"03/05/2021","311.00","309.00","311.50","307.00","3.74M","-0.80%"
"03/04/2021","313.50","315.00","316.50","309.00","4.97M","-0.95%"
"03/03/2021","316.50","311.00","317.50","306.00","5.41M","2.93%"
"03/02/2021","307.50","310.00","315.00","307.00","7.46M","1.15%"
"02/26/2021","304.00","300.50","307.50","299.00","6.82M","-0.49%"
"02/25/2021","305.50","308.50","311.00","301.00","5.61M","1.66%"
"02/24/2021","300.50","291.00","309.50","291.00","9.99M","3.44%"
"02/23/2021","290.50","290.00","291.50","288.50","3.60M","0.17%"
"02/22/2021","290.00","291.50","295.00","290.00","4.64M","0.00%"
"02/19/2021","290.00","289.50","292.50","288.50","3.39M","0.35%"
"02/18/2021","289.00","289.50","290.50","287.00","3.52M","-0.17%"
"02/17/2021","289.50","294.00","295.00","289.00","5.22M","0.35%"
"02/05/2021","288.50","289.50","290.00","287.00","1.36M","0.52%"
"02/04/2021","287.00","288.50","290.00","287.00","2.05M","-0.52%"
"02/03/2021","288.50","288.50","291.00","285.00","3.51M","1.05%"
"02/02/2021","285.50","285.00","287.50","283.50","3.40M","0.71%"
"02/01/2021","283.50","285.00","285.00","280.50","2.12M","-1.05%"
"01/29/2021","286.50","289.50","291.00","284.00","3.80M","-0.69%"
"01/28/2021","288.50","288.00","291.50","285.50","3.68M","-1.54%"
"01/27/2021","293.00","287.00","294.00","287.00","6.33M","3.17%"
"01/26/2021","284.00","291.00","292.50","284.00","3.70M","-2.07%"
"01/25/2021","290.00","284.50","291.50","282.00","5.26M","1.93%"
"01/22/2021","284.50","282.00","288.50","280.00","4.86M","0.89%"
"01/21/2021","282.00","278.00","282.00","277.50","3.63M","2.17%"
"01/20/2021","276.00","284.00","285.00","275.00","4.82M","-3.16%"
"01/19/2021","285.00","283.00","285.00","282.00","2.69M","0.71%"
"01/18/2021","283.00","286.00","286.00","279.00","3.29M","-1.39%"
"01/15/2021","287.00","289.00","291.50","283.50","4.65M","-0.35%"
"01/14/2021","288.00","289.50","291.50","284.50","4.93M","-0.17%"
"01/13/2021","288.50","285.00","295.00","283.00","6.42M","2.67%"
"01/12/2021","281.00","285.00","287.00","280.00","5.03M","-0.88%"
"01/11/2021","283.50","282.50","287.50","279.00","6.36M","1.43%"
"01/08/2021","279.50","265.00","280.00","264.50","11.16M","6.88%"
"01/07/2021","261.50","255.00","265.50","252.50","7.33M","2.95%"
"01/06/2021","254.00","254.00","255.00","250.00","3.00M","0.40%"
"01/05/2021","253.00","251.00","253.00","250.50","1.96M","0.80%"
"01/04/2021","251.00","250.50","252.50","250.00","1.54M","0.20%"
"12/31/2020","250.50","252.50","253.00","250.50","1.74M","-0.79%"
"12/30/2020","252.50","251.00","252.50","249.50","1.64M","0.80%"
"12/29/2020","250.50","250.00","251.50","250.00","982.25K","0.20%"
"12/28/2020","250.00","249.50","250.50","248.50","1.53M","0.81%"
"12/25/2020","248.00","250.00","251.00","247.50","1.75M","-0.20%"
"12/24/2020","248.50","248.50","249.50","248.00","1.49M","-0.20%"
"12/23/2020","249.00","249.00","250.00","247.50","1.27M","0.00%"
"12/22/2020","249.00","250.00","251.50","248.50","2.05M","-0.99%"
"12/21/2020","251.50","252.00","252.50","248.50","2.31M","-0.59%"
"12/18/2020","253.00","253.50","255.00","253.00","2.33M","-0.20%"
"12/17/2020","253.50","255.00","256.00","253.50","1.59M","-0.59%"
"12/16/2020","255.00","255.00","256.00","253.50","1.25M","0.79%"
"12/15/2020","253.00","254.00","257.00","253.00","2.20M","-0.98%"
"12/14/2020","255.50","255.00","257.00","253.00","2.29M","0.20%"
"12/11/2020","255.00","257.00","258.00","251.00","2.76M","-0.78%"
"12/10/2020","257.00","260.00","261.50","254.00","5.02M","-2.65%"
"12/09/2020","264.00","259.00","265.00","256.50","5.41M","2.33%"
"12/08/2020","258.00","255.50","258.00","255.00","4.40M","1.57%"
"12/07/2020","254.00","252.50","258.00","252.00","5.07M","0.99%"
"12/04/2020","251.50","248.50","252.00","248.00","2.72M","1.82%"
"12/03/2020","247.00","250.00","250.50","247.00","3.05M","-1.00%"
"12/02/2020","249.50","250.00","251.00","249.00","2.28M","0.40%"
"12/01/2020","248.50","249.50","250.50","248.00","2.04M","-0.20%"
"11/30/2020","249.00","251.50","252.50","249.00","5.13M","-0.99%"
"11/27/2020","251.50","252.50","252.50","250.50","1.61M","0.00%"
"11/26/2020","251.50","251.00","252.50","250.00","1.74M","0.40%"
"11/25/2020","250.50","250.50","251.00","249.00","2.33M","0.40%"
"11/24/2020","249.50","251.00","252.50","249.50","2.47M","-0.60%"
"11/23/2020","251.00","249.50","252.00","249.00","2.83M","1.01%"
"11/20/2020","248.50","250.00","251.50","248.00","3.31M","-1.00%"
"11/19/2020","251.00","252.00","252.50","248.50","3.52M","-0.20%"
"11/18/2020","251.50","253.00","255.00","250.50","4.69M","0.60%"
"11/17/2020","250.00","250.00","253.00","249.50","3.69M","0.20%"
"11/16/2020","249.50","247.50","250.50","247.00","5.51M","1.42%"
"11/13/2020","246.00","243.00","247.00","242.00","3.67M","0.82%"
"11/12/2020","244.00","243.50","250.00","243.00","9.77M","-1.81%"
"11/11/2020","248.50","240.50","248.50","238.50","5.77M","2.90%"
"11/10/2020","241.50","247.50","248.00","240.50","4.81M","-3.78%"
"11/09/2020","251.00","247.50","251.00","246.00","2.73M","2.45%"
"11/06/2020","245.00","245.00","245.00","242.00","2.08M","0.82%"
"11/05/2020","243.00","243.00","245.00","242.00","1.06M","0.41%"
"11/04/2020","242.00","243.00","243.50","239.50","2.13M","-0.41%"
"11/03/2020","243.00","243.50","244.00","242.00","1.54M","0.41%"
"11/02/2020","242.00","242.50","244.00","240.00","1.54M","-0.21%"
"10/30/2020","242.50","243.50","248.00","242.00","3.24M","-1.22%"
"10/29/2020","245.50","246.00","248.00","243.50","2.70M","-1.60%"
"10/28/2020","249.50","246.50","252.00","246.50","3.12M","0.40%"
"10/27/2020","248.50","245.50","249.00","244.50","2.15M","0.40%"
"10/26/2020","247.50","251.50","258.50","247.50","7.16M","2.06%"
"10/23/2020","242.50","241.50","246.00","241.50","2.50M","0.41%"
"10/22/2020","241.50","240.00","242.50","236.00","2.18M","-0.21%"
"10/21/2020","242.00","237.00","243.50","236.50","3.46M","1.89%"
"10/20/2020","237.50","241.00","241.50","236.00","3.30M","-1.86%"
"10/19/2020","242.00","243.00","244.00","241.50","1.58M","-0.21%"
"10/16/2020","242.50","244.00","245.50","242.00","1.17M","-0.21%"
"10/15/2020","243.00","244.00","246.00","242.50","1.81M","-1.42%"
"10/14/2020","246.50","246.00","247.50","242.50","1.87M","-0.40%"
"10/13/2020","247.50","252.50","253.00","246.00","2.43M","-2.56%"
"10/12/2020","254.00","251.00","254.00","250.50","2.35M","1.20%"
"10/08/2020","251.00","248.00","251.00","248.00","1.30M","1.62%"
"10/07/2020","247.00","246.00","249.00","246.00","1.59M","-0.20%"
"10/06/2020","247.50","248.00","249.00","245.50","1.90M","0.20%"
"10/05/2020","247.00","253.50","254.00","245.00","2.43M","-2.56%"
"09/30/2020","253.50","253.00","254.00","250.00","4.06M","1.60%"
"09/29/2020","249.50","252.00","253.00","248.00","1.21M","-0.99%"
"09/28/2020","252.00","248.00","253.00","248.00","1.60M","2.23%"
"09/25/2020","246.50","253.50","254.50","245.50","2.30M","-2.76%"
"09/24/2020","253.50","256.00","256.50","251.00","3.00M","-2.12%"
"09/23/2020","259.00","257.00","260.00","256.00","1.44M","0.39%"
"09/22/2020","258.00","256.00","260.00","255.00","2.20M","0.39%"
"09/21/2020","257.00","254.50","259.50","254.50","2.39M","-0.58%"
"09/18/2020","258.50","256.00","258.50","253.00","3.58M","0.98%"
"09/17/2020","256.00","255.00","257.50","254.00","1.19M","0.00%"
"09/16/2020","256.00","258.00","258.00","254.50","2.01M","-0.19%"
"09/15/2020","256.50","255.00","257.00","254.00","2.67M","0.20%"
"09/14/2020","256.00","252.00","256.50","250.50","1.99M","1.79%"
"09/11/2020","251.50","253.50","254.00","249.00","2.30M","-1.18%"
"09/10/2020","254.50","252.00","258.50","252.00","4.45M","2.83%"
"09/09/2020","247.50","246.50","247.50","245.00","1.62M","-1.00%"
"09/08/2020","250.00","248.00","250.00","245.50","2.23M","1.01%"
"09/07/2020","247.50","248.00","248.00","245.00","1.11M","-0.40%"
"09/04/2020","248.50","247.50","249.00","245.50","2.99M","-1.58%"
"09/03/2020","252.50","249.00","259.00","247.50","5.94M","2.43%"
"09/02/2020","246.50","245.50","246.50","241.00","2.96M","0.00%"
"09/01/2020","246.50","243.00","248.00","242.50","1.93M","1.44%"
"08/31/2020","243.00","247.50","248.50","243.00","2.21M","-1.62%"
"08/28/2020","247.00","248.00","250.50","245.50","1.90M","-0.80%"
"08/27/2020","249.00","253.00","253.50","245.50","2.95M","-1.58%"
"08/26/2020","253.00","248.00","253.50","247.00","2.39M","2.02%"
"08/25/2020","248.00","247.00","248.50","246.50","2.19M","0.20%"
"08/24/2020","247.50","247.50","251.00","245.00","2.39M","-0.80%"
"08/21/2020","249.50","253.50","253.50","245.50","3.35M","1.42%"
"08/20/2020","246.00","251.50","253.00","240.50","4.61M","-2.96%"
"08/19/2020","253.50","255.00","259.50","253.00","4.38M","0.00%"
"08/18/2020","253.50","251.00","255.00","246.00","4.47M","0.80%"
"08/17/2020","251.50","247.00","253.50","245.00","5.80M","2.65%"
"08/14/2020","245.00","243.00","247.50","240.00","6.83M","1.24%"
"08/13/2020","242.00","231.00","243.00","231.00","15.40M","6.61%"
"08/12/2020","227.00","230.00","231.50","222.00","5.15M","-1.09%"
"08/11/2020","229.50","232.00","233.00","228.50","2.96M","-0.43%"
"08/10/2020","230.50","230.50","232.50","228.50","3.19M","0.22%"
"08/07/2020","230.00","228.50","230.50","225.50","4.38M","0.88%"
"08/06/2020","228.00","228.00","230.00","224.50","5.61M","1.56%"
"08/05/2020","224.50","217.00","226.50","216.50","8.53M","4.66%"
"08/04/2020","214.50","213.50","215.00","212.50","1.21M","0.70%"
"08/03/2020","213.00","215.50","216.50","213.00","1.90M","-1.62%"
"07/31/2020","216.50","214.00","216.50","214.00","2.20M","0.70%"
"07/30/2020","215.00","215.00","217.50","214.00","1.76M","0.23%"
"07/29/2020","214.50","217.00","217.00","213.50","2.17M","-0.69%"
"07/28/2020","216.00","213.50","217.00","213.00","2.04M","0.93%"
"07/27/2020","214.00","218.00","221.00","213.00","2.87M","-1.83%"
"07/24/2020","218.00","224.00","224.50","218.00","3.51M","-3.11%"
"07/23/2020","225.00","225.00","226.00","222.50","2.81M","0.22%"
"07/22/2020","224.50","224.50","225.50","223.50","2.01M","0.00%"
"07/21/2020","224.50","225.50","226.50","223.00","2.71M","0.00%"
"07/20/2020","224.50","222.00","225.00","221.00","3.23M","2.05%"
"07/17/2020","220.00","222.50","223.00","218.50","2.03M","0.23%"
"07/16/2020","219.50","219.50","221.50","217.00","4.09M","0.92%"
"07/15/2020","217.50","219.00","219.50","216.00","2.56M","0.00%"
"07/14/2020","217.50","219.00","220.00","217.50","1.43M","-0.68%"
"07/13/2020","219.00","220.00","220.50","218.00","1.94M","0.46%"
"07/10/2020","218.00","222.50","223.00","218.00","2.27M","-1.36%"
"07/09/2020","221.00","226.50","228.00","221.00","2.61M","-2.00%"
"07/08/2020","225.50","222.00","226.00","221.00","2.93M","1.81%"
"07/07/2020","221.50","220.00","223.50","218.50","3.67M","1.37%"
"07/06/2020","218.50","217.50","219.50","216.50","2.34M","0.92%"
"07/03/2020","216.50","218.50","219.50","216.00","1.95M","-0.69%"
"07/02/2020","218.00","218.50","219.00","216.00","2.02M","0.93%"
"07/01/2020","216.00","216.50","219.00","214.50","2.12M","0.00%"
"06/30/2020","216.00","218.00","220.00","214.00","3.33M","0.23%"
"06/29/2020","215.50","219.00","220.50","214.00","6.02M","-3.58%"
"06/24/2020","223.50","227.00","228.50","222.50","8.94M","-9.33%"
"06/23/2020","246.50","245.00","249.00","243.50","7.64M","0.61%"
"06/22/2020","245.00","243.00","245.00","237.50","5.99M","3.59%"
"06/19/2020","236.50","232.50","240.00","232.50","6.80M","0.64%"
"06/18/2020","235.00","231.50","235.00","229.50","3.83M","1.73%"
"06/17/2020","231.00","230.50","232.00","228.50","3.41M","0.43%"
"06/16/2020","230.00","226.00","231.00","225.50","4.41M","2.22%"
"06/15/2020","225.00","223.50","227.00","223.50","3.97M","-0.44%"
"06/12/2020","226.00","225.00","228.00","221.00","3.70M","-1.53%"
"06/11/2020","229.50","225.00","231.50","224.00","4.72M","2.00%"
"06/10/2020","225.00","220.50","227.50","219.50","4.59M","2.04%"
"06/09/2020","220.50","220.00","221.00","219.00","2.03M","0.23%"
"06/08/2020","220.00","220.00","221.50","218.50","2.86M","0.46%"
"06/05/2020","219.00","217.50","219.00","217.00","1.92M","0.92%"
"06/04/2020","217.00","218.50","218.50","215.00","2.11M","0.23%"
"06/03/2020","216.50","216.00","217.50","215.00","2.13M","1.17%"
"06/02/2020","214.00","210.50","215.00","210.50","2.01M","1.90%"
"06/01/2020","210.00","212.00","212.00","209.50","1.39M","-0.24%"
"05/29/2020","210.50","207.50","210.50","206.00","3.41M","0.72%"
"05/28/2020","209.00","209.50","210.00","208.00","1.84M","0.48%"
"05/27/2020","208.00","207.50","209.00","206.00","872.38K","0.24%"
"05/26/2020","207.50","208.00","210.00","206.50","1.85M","0.73%"
"05/25/2020","206.00","205.00","206.00","203.00","1.18M","0.73%"
"05/22/2020","204.50","206.50","206.50","203.00","1.55M","-0.97%"
"05/21/2020","206.50","206.00","207.50","205.00","2.91M","0.49%"
"05/20/2020","205.50","211.50","213.00","205.50","3.20M","-2.38%"
"05/19/2020","210.50","207.00","211.00","205.00","3.69M","4.21%"
"05/18/2020","202.00","204.00","206.00","202.00","2.02M","-2.42%"
"05/15/2020","207.00","209.00","210.00","203.50","4.27M","-0.48%"
"05/14/2020","208.00","201.00","209.00","201.00","5.41M","3.23%"
"05/13/2020","201.50","201.00","202.50","200.00","1.24M","0.25%"
"05/12/2020","201.00","200.00","201.50","198.50","1.54M","-0.50%"
"05/11/2020","202.00","202.50","203.00","200.00","1.80M","0.75%"
"05/08/2020","200.50","199.00","201.00","198.00","1.92M","1.78%"
"05/07/2020","197.00","197.00","199.00","196.00","1.15M","0.51%"
"05/06/2020","196.00","197.50","198.00","195.50","1.63M","-1.01%"
"05/05/2020","198.00","198.50","199.50","197.50","1.55M","-0.25%"
"05/04/2020","198.50","195.00","198.50","195.00","2.63M","-1.98%"
"04/30/2020","202.50","203.00","203.50","200.00","3.25M","0.00%"
"04/29/2020","202.50","199.50","202.50","199.50","1.59M","1.76%"
"04/28/2020","199.00","198.00","200.00","197.00","1.48M","1.02%"
"04/27/2020","197.00","195.00","198.00","194.50","1.41M","2.07%"
"04/24/2020","193.00","193.50","195.00","193.00","1.26M","-0.26%"
"04/23/2020","193.50","193.00","196.00","193.00","1.74M","0.00%"
"04/22/2020","193.50","192.50","193.50","190.50","2.05M","0.00%"
"04/21/2020","193.50","197.00","197.00","191.50","2.93M","-1.78%"
"04/20/2020","197.00","198.00","198.00","197.00","1.14M","-0.51%"
"04/17/2020","198.00","198.50","200.50","197.00","2.98M","0.76%"
"04/16/2020","196.50","196.00","198.00","195.50","2.29M","-1.01%"
"04/15/2020","198.50","199.50","199.50","198.00","2.63M","0.00%"
"04/14/2020","198.50","197.00","199.50","197.00","2.30M","1.02%"
"04/13/2020","196.50","197.50","198.00","196.00","1.02M","-0.51%"
"04/10/2020","197.50","195.00","197.50","195.00","1.40M","1.28%"
"04/09/2020","195.00","197.00","199.00","195.00","1.96M","-0.26%"
"04/08/2020","195.50","196.00","198.00","195.00","2.58M","-0.26%"
"04/07/2020","196.00","199.50","201.00","194.00","2.66M","-0.51%"
"04/06/2020","197.00","198.50","198.50","192.50","2.83M","-0.51%"
"04/01/2020","198.00","202.00","202.50","198.00","3.12M","-3.18%"
"03/31/2020","204.50","195.50","204.50","193.00","3.86M","5.96%"
"03/30/2020","193.00","191.50","194.50","189.00","2.62M","0.52%"
"03/27/2020","192.00","190.50","195.00","188.00","3.93M","3.23%"
"03/26/2020","186.00","183.00","188.00","182.00","3.13M","3.33%"
"03/25/2020","180.00","181.00","184.00","180.00","4.18M","1.12%"
"03/24/2020","178.00","175.00","181.00","173.00","3.24M","4.40%"
"03/23/2020","170.50","170.00","175.50","167.00","2.44M","-2.57%"
"03/20/2020","175.00","173.50","179.00","173.00","6.22M","1.16%"
"03/19/2020","173.00","176.00","180.00","172.00","4.85M","-6.99%"
"03/18/2020","186.00","185.00","187.00","183.00","3.35M","0.54%"
"03/17/2020","185.00","182.00","187.00","181.50","4.17M","0.00%"
"03/16/2020","185.00","184.50","191.00","182.50","3.41M","-2.63%"
"03/13/2020","190.00","188.00","193.00","182.00","5.47M","-3.55%"
"03/12/2020","197.00","197.00","198.00","193.00","3.72M","-0.25%"
"03/11/2020","197.50","199.00","200.00","197.00","2.90M","-1.25%"
"03/10/2020","200.00","197.50","202.00","196.50","3.39M","0.25%"
"03/09/2020","199.50","200.00","201.00","198.00","2.92M","-1.24%"
"03/06/2020","202.00","203.00","204.00","201.00","1.80M","-0.49%"
"03/05/2020","203.00","205.00","206.50","203.00","1.61M","-0.49%"
"03/04/2020","204.00","202.00","207.00","202.00","1.55M","0.49%"
"03/03/2020","203.00","204.00","205.00","202.50","1.27M","0.50%"
"03/02/2020","202.00","201.50","203.50","201.50","3.05M","-1.94%"
"02/27/2020","206.00","208.50","209.00","206.00","2.53M","-1.67%"
"02/26/2020","209.50","208.50","211.50","208.50","1.55M","-0.71%"
"02/25/2020","211.00","210.00","212.50","210.00","1.01M","-0.94%"
"02/24/2020","213.00","212.00","213.50","211.00","1.27M","-0.70%"
"02/21/2020","214.50","215.00","215.50","213.50","1.18M","-0.69%"
"02/20/2020","216.00","218.50","218.50","215.50","826.47K","-0.46%"
"02/19/2020","217.00","215.00","220.00","215.00","2.61M","0.70%"
"02/18/2020","215.50","215.50","215.50","211.00","1.34M","-0.23%"
"02/17/2020","216.00","217.50","217.50","216.00","683.68K","-1.37%"
"02/14/2020","219.00","218.00","220.00","217.50","814.11K","0.46%"
"02/13/2020","218.00","220.00","220.50","218.00","1.85M","-0.68%"
"02/12/2020","219.50","219.00","221.50","218.50","1.27M","0.23%"
"02/11/2020","219.00","219.50","222.00","219.00","1.16M","-0.23%"
"02/10/2020","219.50","219.00","220.00","217.00","1.23M","-1.57%"
"02/07/2020","223.00","221.00","223.50","220.50","658.72K","0.68%"
"02/06/2020","221.50","223.00","225.50","220.50","1.71M","0.23%"
"02/05/2020","221.00","223.50","223.50","220.00","1.28M","-0.45%"
"02/04/2020","222.00","219.50","224.00","219.00","1.33M","0.23%"
"02/03/2020","221.50","220.00","224.00","217.00","1.56M","-1.12%"
"01/31/2020","224.00","226.00","227.50","223.50","1.58M","0.67%"
"01/30/2020","222.50","234.00","234.00","219.00","3.63M","-5.72%"
"01/20/2020","236.00","235.50","237.00","234.50","680.46K","0.21%"
"01/17/2020","235.50","235.00","235.50","234.00","953.62K","0.21%"
"01/16/2020","235.00","233.00","235.50","233.00","1.19M","0.43%"
"01/15/2020","234.00","234.50","235.00","232.50","1.20M","-0.85%"
"01/14/2020","236.00","236.50","238.00","234.50","1.07M","0.21%"
"01/13/2020","235.50","234.50","236.50","234.00","705.10K","0.43%"
"01/10/2020","234.50","235.00","239.00","234.50","1.74M","-0.21%"
"01/09/2020","235.00","232.00","235.00","232.00","705.50K","1.29%"
"01/08/2020","232.00","234.00","234.00","231.50","883.23K","-1.28%"
"01/07/2020","235.00","233.00","235.00","231.50","1.26M","1.08%"
"01/06/2020","232.50","232.50","233.00","230.50","806.29K","-0.64%"
"01/03/2020","234.00","232.50","234.00","231.50","934.96K","0.86%"
"01/02/2020","232.00","233.00","233.00","230.00","748.10K","0.22%"
"12/31/2019","231.50","232.00","233.00","231.50","920.99K","-0.22%"
"12/30/2019","232.00","234.00","235.50","232.00","762.72K","-1.07%"
"12/27/2019","234.50","234.50","235.00","233.50","566.61K","0.00%"
"12/26/2019","234.50","232.50","234.50","232.50","535.82K","0.86%"
"12/25/2019","232.50","232.00","234.50","232.00","459.73K","0.00%"
"12/24/2019","232.50","235.50","235.50","232.50","438.50K","-1.27%"
"12/23/2019","235.50","233.00","235.50","232.00","642.40K","1.07%"
"12/20/2019","233.00","235.00","235.00","232.00","1.79M","0.00%"
"12/19/2019","233.00","237.00","237.50","232.50","1.52M","-2.51%"
"12/18/2019","239.00","235.00","239.50","234.50","2.50M","1.70%"
"12/17/2019","235.00","233.00","235.00","231.50","1.34M","0.64%"
"12/16/2019","233.50","233.00","233.50","231.50","1.12M","0.00%"
"12/13/2019","233.50","233.00","234.50","231.50","1.23M","0.21%"
"12/12/2019","233.00","231.50","234.50","231.00","1.96M","0.65%"
"12/11/2019","231.50","233.50","233.50","230.00","1.19M","-0.86%"
"12/10/2019","233.50","232.00","233.50","230.00","1.22M","1.30%"
"12/09/2019","230.50","231.00","231.50","229.50","644.72K","-0.22%"
"12/06/2019","231.00","234.50","234.50","230.00","1.40B","-1.07%"
"12/05/2019","233.50","234.00","234.00","231.00","1.34B","0.21%"
"12/04/2019","233.00","231.00","233.00","229.00","1.50B","0.00%"
"12/03/2019","233.00","230.00","234.00","230.00","1.54B","1.75%"
"12/02/2019","229.00","230.00","230.00","227.00","1.02B","-0.65%"
"11/29/2019","230.50","231.00","231.00","228.50","1.34B","-0.43%"
"11/28/2019","231.50","232.00","233.50","230.00","1.30B","-0.64%"
"11/27/2019","233.00","233.00","236.00","232.50","1.02B","0.43%"
"11/26/2019","232.00","234.50","236.50","232.00","5.56B","-1.69%"
"11/25/2019","236.00","239.50","240.00","235.50","1.78B","-2.07%"
"11/22/2019","241.00","242.00","242.00","238.00","1.82B","0.00%"
"11/21/2019","241.00","237.00","241.00","236.00","1.98B","0.42%"
"11/20/2019","240.00","238.00","243.00","237.00","2.93B","1.05%"
"11/19/2019","237.50","230.00","239.00","229.50","3.54B","3.26%"
"11/18/2019","230.00","227.50","231.00","226.50","2.36B","1.10%"
"11/15/2019","227.50","227.50","231.00","225.00","4.73B","0.44%"
"11/14/2019","226.50","220.00","229.50","219.00","7.48B","6.09%"
"11/13/2019","213.50","213.50","214.50","212.50","1.25B","0.00%"
"11/12/2019","213.50","214.50","214.50","212.00","1.17B","1.18%"
"11/11/2019","211.00","214.00","214.00","210.00","1.21B","-1.86%"
"11/08/2019","215.00","215.50","216.00","213.50","1.02B","0.00%"
"11/07/2019","215.00","215.00","215.00","214.00","1.50B","0.47%"
"11/06/2019","214.00","214.00","214.50","212.50","999.19M","0.23%"
"11/05/2019","213.50","212.50","213.50","211.50","1.18B","0.71%"
"11/04/2019","212.00","210.00","212.00","209.50","1.80B","1.68%"
"11/01/2019","208.50","208.00","210.00","207.50","1.40B","0.97%"
"10/31/2019","206.50","210.00","210.00","206.50","1.97B","-1.43%"
"10/30/2019","209.50","208.00","209.50","207.50","1.02B","0.00%"
"10/29/2019","209.50","212.00","212.00","208.00","1.13B","-0.95%"
"10/28/2019","211.50","210.00","211.50","209.00","606.65M","1.20%"
"10/25/2019","209.00","212.00","212.50","207.50","1.63B","-1.18%"
"10/24/2019","211.50","210.50","212.00","209.50","1.34B","0.00%"
"10/23/2019","211.50","207.50","212.00","207.50","1.70B","1.68%"
"10/22/2019","208.00","207.50","209.00","206.50","1.09B","0.73%"
"10/21/2019","206.50","206.00","207.50","205.50","644.93M","0.00%"
"10/18/2019","206.50","210.00","210.00","206.50","835.45M","-1.43%"
"10/17/2019","209.50","207.50","210.00","206.00","1.24B","1.21%"
"10/16/2019","207.00","203.50","207.00","202.50","1.93B","2.48%"
"10/15/2019","202.00","201.00","202.00","200.00","1.39B","1.00%"
"10/14/2019","200.00","202.50","202.50","197.50","1.80B","-0.25%"
"10/09/2019","200.50","202.50","203.00","200.50","695.98M","-0.99%"
"10/08/2019","202.50","201.50","204.00","201.00","1.15B","1.00%"
"10/07/2019","200.50","200.00","201.00","199.50","799.08M","0.25%"
"10/04/2019","200.00","200.00","201.50","199.00","1.45B","0.50%"
"10/03/2019","199.00","199.00","199.00","196.50","2.40B","-0.50%"
"10/02/2019","200.00","200.00","202.00","199.50","1.89B","0.50%"
"10/01/2019","199.00","200.50","201.50","198.00","4.31B","-3.63%"
"09/27/2019","206.50","210.00","210.00","206.00","1.04B","-1.67%"
"09/26/2019","210.00","211.00","212.00","209.00","1.22B","-0.94%"
"09/25/2019","212.00","213.00","213.00","209.50","1.13B","-0.47%"
"09/24/2019","213.00","211.00","214.00","211.00","1.24B","0.95%"
"09/23/2019","211.00","211.00","211.00","210.00","598.56M","0.00%"
"09/20/2019","211.00","210.00","211.00","210.00","1.63B","0.00%"
"09/19/2019","211.00","211.00","212.00","210.00","496.25M","0.48%"
"09/18/2019","210.00","209.50","210.50","209.00","1.21B","0.24%"
"09/17/2019","209.50","209.50","209.50","208.00","945.65M","0.24%"
"09/16/2019","209.00","209.00","209.00","207.50","886.09M","0.48%"
"09/12/2019","208.00","209.50","209.50","208.00","704.82M","0.00%"
"09/11/2019","208.00","209.00","209.00","207.00","641.50M","0.24%"
"09/10/2019","207.50","208.50","208.50","207.00","1.28B","0.00%"
"09/09/2019","207.50","206.00","207.50","204.50","1.21B","0.24%"
"09/06/2019","207.00","208.00","209.50","206.00","1.35B","0.00%"
"09/05/2019","207.00","208.50","210.00","207.00","1.04B","-0.24%"
"09/04/2019","207.50","204.50","208.00","204.00","1.06B","2.22%"
"09/03/2019","203.00","205.50","205.50","203.00","854.16M","-0.98%"
"09/02/2019","205.00","204.00","205.00","202.50","782.12M","0.49%"
"08/30/2019","204.00","201.00","204.00","201.00","1.10B","1.75%"
"08/29/2019","200.50","201.50","201.50","200.00","615.38M","-0.25%"
"08/28/2019","201.00","201.50","202.00","200.50","396.88M","0.00%"
"08/27/2019","201.00","200.00","201.00","199.00","1.41B","1.01%"
"08/26/2019","199.00","199.00","199.00","197.50","820.61M","-0.75%"
"08/23/2019","200.50","201.00","202.00","200.00","539.64M","0.00%"
"08/22/2019","200.50","201.00","203.00","199.50","837.31M","0.75%"
"08/21/2019","199.00","199.00","200.50","199.00","903.29M","0.00%"
"08/20/2019","199.00","199.50","201.00","199.00","815.25M","0.00%"
"08/19/2019","199.00","201.00","202.00","199.00","887.57M","0.00%"
"08/16/2019","199.00","198.00","202.50","198.00","1.52B","-0.25%"
"08/15/2019","199.50","198.50","199.50","196.50","1.67B","-0.99%"
"08/14/2019","201.50","203.50","204.00","201.00","1.76B","-0.25%"
"08/13/2019","202.00","201.50","203.50","201.00","679.11M","-0.25%"
"08/12/2019","202.50","201.00","204.00","201.00","941.71M","-0.49%"
"08/08/2019","203.50","205.50","205.50","202.50","1.21B","-0.49%"
"08/07/2019","204.50","203.50","204.50","202.00","1.94B","0.25%"
"08/06/2019","204.00","201.00","205.00","200.50","1.76B","-0.73%"
"08/05/2019","205.50","208.00","210.00","205.50","2.14B","-2.61%"
"08/02/2019","211.00","212.50","214.00","209.00","2.49B","-1.63%"
"08/01/2019","214.50","216.50","218.00","214.50","2.68B","-3.38%"
"07/31/2019","222.00","220.50","222.00","216.00","2.23B","-0.67%"
"07/30/2019","223.50","222.50","224.00","221.00","1.23B","1.36%"
"07/29/2019","220.50","217.00","220.50","217.00","899.03M","1.38%"
"07/26/2019","217.50","220.00","222.00","217.50","1.14B","-1.14%"
"07/25/2019","220.00","225.50","226.00","220.00","1.72B","-2.65%"
"07/24/2019","226.00","225.50","226.50","224.50","1.54B","0.67%"
"07/23/2019","224.50","224.00","224.50","222.00","970.55M","0.22%"
"07/22/2019","224.00","222.00","224.50","220.00","1.32B","0.90%"
"07/19/2019","222.00","219.00","222.00","219.00","2.04B","1.83%"
"07/18/2019","218.00","217.00","218.00","216.00","688.70M","0.69%"
"07/17/2019","216.50","215.50","216.50","215.00","686.01M","0.46%"
"07/16/2019","215.50","216.50","217.00","215.50","709.95M","-0.69%"
"07/15/2019","217.00","217.00","219.00","213.00","1.80B","0.70%"
"07/12/2019","215.50","215.50","216.50","215.00","1.35B","-0.23%"
"07/11/2019","216.00","217.00","217.00","215.50","1.32B","0.23%"
"07/10/2019","215.50","215.50","216.50","215.00","786.92M","-0.23%"
"07/09/2019","216.00","217.00","218.00","215.00","1.08B","-0.92%"
"07/08/2019","218.00","220.00","220.00","215.00","3.02B","-6.03%"
"07/05/2019","232.00","228.50","232.00","228.00","2.22B","1.75%"
"07/04/2019","228.00","227.00","228.50","225.00","1.97B","1.56%"
"07/03/2019","224.50","223.00","226.00","223.00","1.59B","0.45%"
"07/02/2019","223.50","223.50","224.00","222.50","1.64B","0.00%"
"07/01/2019","223.50","225.50","228.50","223.50","1.36B","0.22%"
"06/28/2019","223.00","226.50","226.50","222.50","1.13B","-1.11%"
"06/27/2019","225.50","223.00","226.00","223.00","1.10B","1.12%"
"06/26/2019","223.00","222.50","224.50","222.00","883.43M","0.00%"
"06/25/2019","223.00","225.00","225.00","222.50","902.14M","-1.33%"
"06/24/2019","226.00","225.50","227.00","225.00","571.59M","0.44%"
"06/21/2019","225.00","226.50","227.50","225.00","1.38B","-0.66%"
"06/20/2019","226.50","225.00","229.00","225.00","1.15B","0.67%"
"06/19/2019","225.00","223.00","225.00","221.50","1.30B","1.35%"
"06/18/2019","222.00","218.50","222.00","218.50","600.48M","1.83%"
"06/17/2019","218.00","217.50","221.00","217.00","503.92M","0.69%"
"06/14/2019","216.50","217.00","218.00","216.50","561.88M","-0.69%"
"06/13/2019","218.00","218.00","218.00","216.50","554.08M","-0.46%"
"06/12/2019","219.00","218.50","219.00","217.00","733.62M","0.23%"
"06/11/2019","218.50","218.00","220.00","217.00","951.12M","0.00%"
"06/10/2019","218.50","217.50","219.50","216.50","812.76M","0.92%"
"06/06/2019","216.50","216.00","217.50","216.00","573.11M","-0.69%"
"06/05/2019","218.00","217.00","220.00","217.00","840.08M","0.69%"
"06/04/2019","216.50","215.00","217.50","215.00","811.14M","0.46%"
"06/03/2019","215.50","216.50","217.00","214.00","560.04M","-0.69%"
"05/31/2019","217.00","215.00","217.00","215.00","1.33B","0.23%"
"05/30/2019","216.50","213.00","216.50","212.50","1.05B","1.64%"
"05/29/2019","213.00","213.00","215.00","213.00","710.48M","-0.23%"
"05/28/2019","213.50","216.00","218.00","213.50","3.46B","-1.39%"
"05/27/2019","216.50","217.00","218.50","216.00","675.11M","-0.23%"
"05/24/2019","217.00","220.00","220.00","217.00","783.55M","-0.91%"
"05/23/2019","219.00","218.00","219.50","216.00","641.20M","0.69%"
"05/22/2019","217.50","220.00","221.00","217.50","916.84M","-1.58%"
"05/21/2019","221.00","219.00","225.00","218.50","1.22B","1.14%"
"05/20/2019","218.50","216.00","218.50","214.00","955.50M","1.63%"
"05/17/2019","215.00","215.00","216.50","214.00","1.48B","0.23%"
"05/16/2019","214.50","215.00","216.50","212.50","1.02B","-0.23%"
"05/15/2019","215.00","213.50","216.00","212.00","1.09B","0.47%"
"05/14/2019","214.00","215.00","219.50","214.00","1.27B","-1.83%"
"05/13/2019","218.00","219.50","221.00","218.00","765.73M","-0.91%"
"05/10/2019","220.00","222.00","225.00","219.00","1.40B","-1.35%"
"05/09/2019","223.00","226.00","227.50","223.00","1.30B","-3.04%"
"05/08/2019","230.00","230.00","231.50","228.00","841.47M","-1.50%"
"05/07/2019","233.50","233.50","234.50","233.00","474.19M","0.00%"
"05/06/2019","233.50","236.00","237.00","230.00","837.50M","-2.71%"
"05/03/2019","240.00","239.00","241.00","238.50","681.90M","0.63%"
"05/02/2019","238.50","236.00","238.50","235.50","447.60M","1.06%"
"04/30/2019","236.00","234.50","237.00","234.50","734.54M","0.00%"
"04/29/2019","236.00","234.00","237.00","234.00","1.38B","0.00%"
"04/26/2019","236.00","235.00","236.00","234.00","515.24M","-0.42%"
"04/25/2019","237.00","236.00","237.00","234.50","872.93M","0.21%"
"04/24/2019","236.50","237.00","238.00","234.50","654.34M","-0.84%"
"04/23/2019","238.50","236.00","238.50","234.00","552.18M","1.49%"
"04/22/2019","235.00","238.00","238.00","234.00","587.60M","-1.26%"
"04/19/2019","238.00","239.00","239.00","236.50","514.53M","0.85%"
"04/18/2019","236.00","240.00","240.00","234.50","1.06B","-1.67%"
"04/17/2019","240.00","236.50","241.00","236.50","1.53B","1.05%"
"04/16/2019","237.50","230.50","237.50","230.50","1.27B","2.37%"
"04/15/2019","232.00","232.00","232.00","230.00","931.96M","0.87%"
"04/12/2019","230.00","230.50","231.00","229.50","879.74M","0.22%"
"04/11/2019","229.50","232.00","232.50","228.50","1.27B","-1.29%"
"04/10/2019","232.50","229.00","232.50","228.50","1.91B","1.09%"
"04/09/2019","230.00","231.00","231.00","228.00","1.38B","0.00%"
"04/08/2019","230.00","228.50","231.50","227.00","1.75B","1.77%"
"04/03/2019","226.00","225.50","227.00","224.50","581.90M","0.22%"
"04/02/2019","225.50","223.00","226.50","222.50","1.25B","1.35%"
"04/01/2019","222.50","223.50","224.50","222.50","1.02B","-0.22%"
"03/29/2019","223.00","220.00","223.00","218.00","1.49B","0.90%"
"03/28/2019","221.00","222.00","223.50","220.00","1.02B","-0.45%"
"03/27/2019","222.00","220.00","222.50","220.00","568.86M","0.45%"
"03/26/2019","221.00","220.00","222.00","220.00","490.12M","0.91%"
"03/25/2019","219.00","223.00","224.00","218.00","1.53B","-3.95%"
"03/22/2019","228.00","224.00","228.50","224.00","1.24B","1.33%"
"03/21/2019","225.00","224.50","225.00","222.50","1.22B","-0.44%"
"03/20/2019","226.00","224.50","226.00","224.50","428.91M","0.67%"
"03/19/2019","224.50","222.50","225.50","222.50","423.02M","0.22%"
"03/18/2019","224.00","224.00","224.50","222.00","452.31M","-0.44%"
"03/15/2019","225.00","225.00","225.00","223.00","1.59B","0.00%"
"03/14/2019","225.00","221.50","225.00","221.50","861.37M","0.67%"
"03/13/2019","223.50","225.00","225.00","222.00","921.88M","1.13%"
"03/12/2019","221.00","219.00","224.00","218.50","1.40B","2.31%"
"03/11/2019","216.00","219.00","220.50","216.00","1.09B","-1.59%"
"03/08/2019","219.50","222.00","222.50","219.50","434.99M","-1.13%"
"03/07/2019","222.00","223.50","224.50","220.00","997.16M","0.00%"
"03/06/2019","222.00","221.00","222.50","221.00","738.20M","0.45%"
"03/05/2019","221.00","219.50","221.50","219.50","575.60M","0.00%"
"03/04/2019","221.00","217.50","222.00","215.50","2.62B","0.68%"
"02/27/2019","219.50","229.00","230.00","219.50","2.68B","-4.15%"
"02/26/2019","229.00","230.00","232.50","229.00","1.07B","-0.65%"
"02/25/2019","230.50","227.00","230.50","226.50","1.48B","1.54%"
"02/22/2019","227.00","227.50","228.50","225.00","1.83B","-0.87%"
"02/21/2019","229.00","228.00","230.50","227.00","804.44M","0.22%"
"02/20/2019","228.50","226.50","231.00","226.50","1.47B","1.11%"
"02/19/2019","226.00","228.00","228.00","225.50","1.00B","-0.88%"
"02/18/2019","228.00","225.00","228.00","225.00","696.04M","1.33%"
"02/15/2019","225.00","228.00","228.00","225.00","1.04B","-1.53%"
"02/14/2019","228.50","225.00","228.50","225.00","1.08B","0.66%"
"02/13/2019","227.00","229.00","230.00","226.50","1.45B","-1.52%"
"02/12/2019","230.50","230.00","231.50","229.00","832.26M","0.66%"
"02/11/2019","229.00","241.00","241.00","228.50","2.28B","-2.97%"
"01/30/2019","236.00","228.00","236.00","227.00","2.11B","4.42%"
"01/29/2019","226.00","227.50","228.00","225.50","1.24B","-1.31%"
"01/28/2019","229.00","230.00","232.00","226.50","646.12M","-0.22%"